,filename,truth,knn_pca16,lr_pca16,lr_keypoints,rf_keypoints
0,img_77738.jpg,0,4,3,0,4
1,img_99640.jpg,0,0,0,0,0
2,img_82314.jpg,0,0,3,3,0
3,img_25612.jpg,0,0,3,0,0
4,img_73555.jpg,0,0,8,0,0
5,img_62129.jpg,0,0,0,0,0
6,img_85555.jpg,0,0,8,8,0
7,img_83924.jpg,0,0,0,0,0
8,img_92256.jpg,0,0,9,9,0
9,img_14027.jpg,0,0,0,0,0
10,img_42587.jpg,0,0,1,1,1
11,img_81095.jpg,0,0,4,0,0
12,img_39641.jpg,0,0,0,0,0
13,img_31110.jpg,0,0,0,5,0
14,img_63398.jpg,0,0,3,3,0
15,img_14395.jpg,0,0,0,0,0
16,img_3243.jpg,0,0,0,0,0
17,img_92731.jpg,0,0,0,0,0
18,img_33714.jpg,0,0,0,0,0
19,img_19429.jpg,0,0,0,0,0
20,img_68359.jpg,0,0,0,0,0
21,img_87846.jpg,0,0,0,0,0
22,img_66900.jpg,0,0,0,3,0
23,img_74317.jpg,0,0,0,0,0
24,img_82035.jpg,0,0,0,0,0
25,img_30854.jpg,0,0,0,0,0
26,img_38843.jpg,0,0,0,0,0
27,img_69861.jpg,0,0,0,0,0
28,img_4447.jpg,0,0,0,0,0
29,img_21470.jpg,0,0,0,0,0
30,img_97506.jpg,0,0,0,0,0
31,img_54857.jpg,0,0,0,0,0
32,img_70870.jpg,0,0,0,0,0
33,img_59772.jpg,0,9,9,9,9
34,img_67255.jpg,0,0,0,0,0
35,img_31623.jpg,0,0,0,0,0
36,img_27870.jpg,0,9,9,9,9
37,img_57096.jpg,0,0,0,0,0
38,img_18523.jpg,0,0,0,0,0
39,img_87609.jpg,0,0,0,0,0
40,img_59708.jpg,0,0,0,0,0
41,img_39507.jpg,0,0,0,0,0
42,img_34774.jpg,0,0,0,0,0
43,img_5015.jpg,0,0,0,0,0
44,img_81350.jpg,0,0,0,0,0
45,img_20588.jpg,0,0,9,0,0
46,img_50702.jpg,0,0,0,0,0
47,img_12053.jpg,0,0,0,5,0
48,img_10446.jpg,0,0,0,0,0
49,img_2653.jpg,0,0,0,0,0
50,img_84822.jpg,0,0,0,0,0
51,img_38469.jpg,0,0,0,0,5
52,img_8081.jpg,0,0,0,0,0
53,img_28404.jpg,0,0,0,0,0
54,img_60553.jpg,0,0,0,0,0
55,img_63634.jpg,0,0,9,0,0
56,img_72128.jpg,0,0,0,0,0
57,img_15780.jpg,0,0,0,0,0
58,img_2843.jpg,0,9,9,9,9
59,img_68913.jpg,0,0,0,0,0
60,img_33010.jpg,1,1,1,1,1
61,img_23109.jpg,1,1,1,1,1
62,img_66087.jpg,1,1,1,1,1
63,img_462.jpg,1,1,8,8,1
64,img_80892.jpg,1,1,1,1,1
65,img_1472.jpg,1,1,1,1,1
66,img_87912.jpg,1,6,1,1,1
67,img_28180.jpg,1,1,1,1,1
68,img_1834.jpg,1,1,1,1,1
69,img_100135.jpg,1,1,1,1,1
70,img_96723.jpg,1,1,1,1,1
71,img_17218.jpg,1,1,1,1,1
72,img_67955.jpg,1,1,1,1,1
73,img_63312.jpg,1,1,1,1,1
74,img_98564.jpg,1,1,1,1,1
75,img_54930.jpg,1,1,1,1,1
76,img_84664.jpg,1,1,1,1,1
77,img_73581.jpg,1,1,1,1,1
78,img_65711.jpg,1,1,1,1,1
79,img_7941.jpg,1,1,1,1,1
80,img_43871.jpg,1,1,1,1,1
81,img_71532.jpg,1,1,1,1,1
82,img_70649.jpg,1,1,6,1,1
83,img_32747.jpg,1,1,1,1,1
84,img_101681.jpg,1,1,1,1,1
85,img_45599.jpg,1,1,1,1,1
86,img_54867.jpg,1,1,7,6,1
87,img_45998.jpg,1,1,1,1,1
88,img_90104.jpg,1,1,1,1,1
89,img_62585.jpg,1,1,1,1,1
90,img_84978.jpg,1,1,1,1,1
91,img_91550.jpg,1,1,1,1,1
92,img_50914.jpg,1,2,6,6,1
93,img_95360.jpg,1,1,1,1,1
94,img_70410.jpg,1,1,1,1,1
95,img_18240.jpg,1,1,1,1,1
96,img_40515.jpg,1,1,1,1,1
97,img_34203.jpg,1,1,1,1,1
98,img_81021.jpg,1,1,1,1,1
99,img_24650.jpg,1,1,6,6,1
100,img_17994.jpg,1,1,1,1,1
101,img_92935.jpg,1,1,1,1,1
102,img_70150.jpg,1,1,1,1,1
103,img_63233.jpg,1,1,1,1,1
104,img_29506.jpg,1,1,1,1,1
105,img_5280.jpg,1,1,1,1,1
106,img_9130.jpg,1,1,1,1,1
107,img_53010.jpg,1,1,1,1,1
108,img_60603.jpg,1,1,1,1,1
109,img_24667.jpg,1,1,1,1,1
110,img_36358.jpg,1,1,8,8,1
111,img_12140.jpg,1,1,1,1,1
112,img_78278.jpg,1,1,1,1,1
113,img_94174.jpg,1,1,1,1,1
114,img_36969.jpg,1,1,1,1,1
115,img_99036.jpg,1,1,1,1,1
116,img_94205.jpg,1,1,1,1,1
117,img_33203.jpg,1,1,6,1,1
118,img_96140.jpg,1,1,1,1,1
119,img_61042.jpg,1,1,1,1,1
120,img_24504.jpg,2,2,2,2,2
121,img_11278.jpg,2,6,6,6,2
122,img_81244.jpg,2,2,2,2,2
123,img_74452.jpg,2,2,2,2,2
124,img_101068.jpg,2,2,2,2,2
125,img_81603.jpg,2,2,6,2,2
126,img_69691.jpg,2,2,8,8,6
127,img_35449.jpg,2,2,2,2,2
128,img_64611.jpg,2,2,2,2,2
129,img_16219.jpg,2,2,2,2,2
130,img_30223.jpg,2,2,2,2,2
131,img_4623.jpg,2,2,2,2,2
132,img_28700.jpg,2,2,2,2,2
133,img_57036.jpg,2,9,9,9,9
134,img_26905.jpg,2,2,8,8,2
135,img_5685.jpg,2,2,2,2,2
136,img_86778.jpg,2,2,2,2,2
137,img_32525.jpg,2,2,2,2,2
138,img_94.jpg,2,2,2,2,2
139,img_42098.jpg,2,6,8,2,2
140,img_87501.jpg,2,2,2,2,2
141,img_15876.jpg,2,2,2,2,2
142,img_94142.jpg,2,2,2,8,2
143,img_19640.jpg,2,2,2,2,2
144,img_54278.jpg,2,2,2,2,2
145,img_8138.jpg,2,2,2,2,2
146,img_38858.jpg,2,2,2,2,2
147,img_47981.jpg,2,2,2,2,2
148,img_37483.jpg,2,2,2,2,2
149,img_17030.jpg,2,2,2,2,2
150,img_61790.jpg,2,2,2,2,2
151,img_59928.jpg,2,2,2,2,2
152,img_6782.jpg,2,2,2,2,2
153,img_87230.jpg,2,2,2,2,2
154,img_84273.jpg,2,2,2,2,2
155,img_50870.jpg,2,2,2,2,2
156,img_7775.jpg,2,2,8,8,2
157,img_87440.jpg,2,2,2,2,2
158,img_37894.jpg,2,2,2,2,2
159,img_74020.jpg,2,2,2,2,2
160,img_98158.jpg,2,2,6,6,2
161,img_23933.jpg,2,2,2,2,2
162,img_41946.jpg,2,6,6,6,2
163,img_64307.jpg,2,2,2,2,2
164,img_53833.jpg,2,2,2,2,2
165,img_85642.jpg,2,2,2,2,2
166,img_100029.jpg,2,2,6,2,2
167,img_89652.jpg,2,2,2,2,2
168,img_31427.jpg,2,2,2,2,2
169,img_91875.jpg,2,2,8,8,2
170,img_58205.jpg,2,2,2,2,2
171,img_34386.jpg,2,2,2,2,2
172,img_58440.jpg,2,2,2,2,2
173,img_12573.jpg,2,2,2,2,2
174,img_74459.jpg,2,2,6,2,6
175,img_54704.jpg,2,2,2,2,2
176,img_94415.jpg,2,2,2,2,2
177,img_50040.jpg,2,2,2,2,2
178,img_93720.jpg,2,2,2,2,2
179,img_23270.jpg,2,2,2,2,2
180,img_12426.jpg,3,3,3,3,3
181,img_57466.jpg,3,3,3,3,3
182,img_55646.jpg,3,3,4,4,3
183,img_80829.jpg,3,3,4,3,3
184,img_71295.jpg,3,3,4,3,3
185,img_61090.jpg,3,3,3,3,3
186,img_39465.jpg,3,3,3,3,4
187,img_28975.jpg,3,3,3,3,3
188,img_55227.jpg,3,3,3,3,3
189,img_23052.jpg,3,3,3,3,3
190,img_46540.jpg,3,4,0,8,0
191,img_10528.jpg,3,3,3,3,3
192,img_48169.jpg,3,3,3,3,3
193,img_24561.jpg,3,4,3,3,3
194,img_23667.jpg,3,3,3,3,3
195,img_68128.jpg,3,3,3,3,3
196,img_99727.jpg,3,3,3,3,3
197,img_78179.jpg,3,3,3,3,3
198,img_33875.jpg,3,3,3,3,3
199,img_60719.jpg,3,3,3,4,3
200,img_87873.jpg,3,3,3,3,3
201,img_61068.jpg,3,3,3,3,3
202,img_21935.jpg,3,3,4,3,3
203,img_58361.jpg,3,3,3,3,3
204,img_30212.jpg,3,3,3,4,3
205,img_27064.jpg,3,3,3,3,3
206,img_68595.jpg,3,0,3,3,4
207,img_72107.jpg,3,3,3,3,3
208,img_30072.jpg,3,3,3,3,3
209,img_32160.jpg,3,3,3,3,3
210,img_25210.jpg,3,3,4,3,3
211,img_57025.jpg,3,2,4,4,8
212,img_73031.jpg,3,3,3,3,3
213,img_84706.jpg,3,3,3,3,3
214,img_99413.jpg,3,3,3,3,3
215,img_39658.jpg,3,3,3,3,3
216,img_83312.jpg,3,3,4,3,3
217,img_37367.jpg,3,3,3,3,3
218,img_32285.jpg,3,3,3,3,3
219,img_34526.jpg,3,3,3,3,3
220,img_99870.jpg,3,5,4,3,3
221,img_63750.jpg,3,3,3,3,3
222,img_71644.jpg,3,3,3,3,3
223,img_95537.jpg,3,3,4,3,3
224,img_12347.jpg,3,3,3,3,3
225,img_17511.jpg,3,3,3,3,3
226,img_52775.jpg,3,3,3,3,3
227,img_18194.jpg,3,3,3,3,3
228,img_3825.jpg,3,3,3,3,3
229,img_87608.jpg,3,3,3,3,3
230,img_16755.jpg,3,3,3,4,3
231,img_17268.jpg,3,3,4,4,3
232,img_50814.jpg,3,3,3,3,3
233,img_3342.jpg,3,3,3,3,3
234,img_71079.jpg,3,3,3,3,3
235,img_70891.jpg,3,4,3,3,3
236,img_70273.jpg,3,3,3,3,3
237,img_55817.jpg,3,3,4,4,3
238,img_30528.jpg,3,3,3,3,4
239,img_80916.jpg,3,3,3,4,3
240,img_71272.jpg,4,4,4,4,4
241,img_63738.jpg,4,4,3,3,3
242,img_17553.jpg,4,3,4,4,3
243,img_29730.jpg,4,4,3,3,4
244,img_90881.jpg,4,4,4,4,4
245,img_67631.jpg,4,4,3,4,4
246,img_51644.jpg,4,4,4,4,4
247,img_36900.jpg,4,4,4,4,4
248,img_36320.jpg,4,4,4,4,4
249,img_90417.jpg,4,4,3,3,4
250,img_25113.jpg,4,4,4,4,4
251,img_16007.jpg,4,4,4,4,4
252,img_62520.jpg,4,4,4,4,4
253,img_51960.jpg,4,4,4,4,4
254,img_51783.jpg,4,4,4,4,4
255,img_93609.jpg,4,4,4,4,4
256,img_99931.jpg,4,4,4,4,4
257,img_101631.jpg,4,9,4,4,4
258,img_6355.jpg,4,4,4,4,4
259,img_20494.jpg,4,4,0,0,8
260,img_70781.jpg,4,4,4,4,4
261,img_16077.jpg,4,2,4,8,8
262,img_14447.jpg,4,4,4,4,4
263,img_95397.jpg,4,4,3,4,4
264,img_54091.jpg,4,4,4,4,4
265,img_6866.jpg,4,4,4,4,4
266,img_102147.jpg,4,4,3,3,3
267,img_49107.jpg,4,4,3,3,4
268,img_62457.jpg,4,3,0,4,4
269,img_88761.jpg,4,4,4,4,4
270,img_90284.jpg,4,4,4,4,4
271,img_95260.jpg,4,4,4,4,4
272,img_6278.jpg,4,4,4,4,4
273,img_5539.jpg,4,4,4,4,4
274,img_2098.jpg,4,4,4,4,4
275,img_37774.jpg,4,4,0,0,4
276,img_4967.jpg,4,9,0,9,9
277,img_16472.jpg,4,4,4,3,4
278,img_16052.jpg,4,4,4,4,4
279,img_82806.jpg,4,4,3,4,4
280,img_71441.jpg,4,4,4,4,4
281,img_41379.jpg,4,4,4,4,4
282,img_60673.jpg,4,4,4,4,4
283,img_62056.jpg,4,4,4,4,4
284,img_39966.jpg,4,4,0,5,0
285,img_23632.jpg,4,4,3,4,4
286,img_98630.jpg,4,3,0,4,4
287,img_31005.jpg,4,4,3,3,4
288,img_91678.jpg,4,4,4,4,4
289,img_34480.jpg,4,4,4,4,4
290,img_52532.jpg,4,4,4,4,4
291,img_53231.jpg,4,4,4,4,4
292,img_29997.jpg,4,4,4,4,4
293,img_62837.jpg,4,3,4,4,3
294,img_34725.jpg,4,4,4,4,4
295,img_40784.jpg,4,4,4,4,4
296,img_39386.jpg,4,4,4,3,3
297,img_11012.jpg,4,4,4,4,4
298,img_5187.jpg,4,0,4,4,3
299,img_24154.jpg,4,4,4,4,4
300,img_28392.jpg,5,5,5,5,5
301,img_23894.jpg,5,5,4,0,0
302,img_75026.jpg,5,5,5,5,5
303,img_30359.jpg,5,5,5,5,5
304,img_64430.jpg,5,5,5,5,5
305,img_89044.jpg,5,5,0,0,5
306,img_98940.jpg,5,5,5,5,5
307,img_88434.jpg,5,5,5,5,5
308,img_9430.jpg,5,5,5,5,5
309,img_39891.jpg,5,5,5,5,5
310,img_1605.jpg,5,5,5,5,5
311,img_5941.jpg,5,5,5,5,5
312,img_100472.jpg,5,5,5,5,5
313,img_93368.jpg,5,5,5,5,5
314,img_59325.jpg,5,5,4,0,5
315,img_11087.jpg,5,5,1,1,5
316,img_44350.jpg,5,5,5,5,5
317,img_17687.jpg,5,5,5,5,5
318,img_101608.jpg,5,5,5,5,0
319,img_97799.jpg,5,5,5,5,5
320,img_650.jpg,5,5,5,5,5
321,img_2123.jpg,5,5,5,5,5
322,img_40535.jpg,5,5,5,5,5
323,img_77185.jpg,5,5,5,5,5
324,img_66632.jpg,5,5,5,5,5
325,img_22049.jpg,5,5,5,5,5
326,img_65234.jpg,5,5,5,5,5
327,img_71388.jpg,5,5,5,5,5
328,img_45969.jpg,5,5,5,5,5
329,img_27330.jpg,5,5,5,5,5
330,img_69824.jpg,5,5,5,5,5
331,img_20291.jpg,5,5,5,5,5
332,img_63748.jpg,5,5,5,5,5
333,img_86979.jpg,5,5,5,5,5
334,img_32499.jpg,5,5,5,5,5
335,img_70392.jpg,5,5,5,5,5
336,img_40321.jpg,5,5,0,0,5
337,img_91170.jpg,5,5,0,6,5
338,img_60906.jpg,5,5,5,5,5
339,img_2497.jpg,5,5,5,5,5
340,img_32038.jpg,5,5,4,0,5
341,img_46168.jpg,5,5,5,5,5
342,img_72094.jpg,5,0,5,5,5
343,img_63348.jpg,5,5,5,5,5
344,img_25949.jpg,5,5,5,5,5
345,img_74128.jpg,5,5,5,5,5
346,img_80300.jpg,5,5,5,5,5
347,img_34121.jpg,5,5,5,5,5
348,img_20396.jpg,5,5,5,5,5
349,img_93438.jpg,5,5,9,5,5
350,img_98587.jpg,5,5,5,5,5
351,img_16455.jpg,5,5,5,5,5
352,img_23017.jpg,5,5,5,5,5
353,img_91237.jpg,5,5,5,5,5
354,img_14125.jpg,5,5,5,5,5
355,img_58164.jpg,5,5,5,5,5
356,img_4092.jpg,5,5,5,5,5
357,img_67210.jpg,5,5,5,5,5
358,img_91114.jpg,5,5,5,5,5
359,img_12963.jpg,5,5,5,5,5
360,img_49750.jpg,6,6,6,6,6
361,img_39986.jpg,6,6,6,6,6
362,img_47333.jpg,6,6,6,6,6
363,img_3359.jpg,6,6,6,2,6
364,img_19941.jpg,6,6,6,6,6
365,img_87273.jpg,6,6,2,2,6
366,img_80635.jpg,6,6,6,6,6
367,img_73509.jpg,6,6,6,6,6
368,img_46632.jpg,6,6,6,6,6
369,img_98529.jpg,6,6,6,6,6
370,img_4875.jpg,6,6,6,6,6
371,img_100116.jpg,6,6,6,6,6
372,img_20960.jpg,6,6,6,6,6
373,img_63169.jpg,6,6,2,2,6
374,img_16.jpg,6,6,6,6,6
375,img_98318.jpg,6,6,2,2,2
376,img_96848.jpg,6,6,6,6,6
377,img_16148.jpg,6,6,6,6,6
378,img_81351.jpg,6,6,8,8,8
379,img_22541.jpg,6,6,6,6,6
380,img_21068.jpg,6,6,6,6,3
381,img_22381.jpg,6,6,6,6,6
382,img_14206.jpg,6,6,6,6,6
383,img_48525.jpg,6,6,6,6,6
384,img_58747.jpg,6,6,6,6,6
385,img_96145.jpg,6,6,6,6,6
386,img_37202.jpg,6,6,6,6,6
387,img_50626.jpg,6,1,6,6,1
388,img_83884.jpg,6,6,6,6,6
389,img_30645.jpg,6,6,8,8,6
390,img_31634.jpg,6,6,6,6,6
391,img_67607.jpg,6,6,6,6,6
392,img_101107.jpg,6,6,6,6,6
393,img_63967.jpg,6,6,6,6,6
394,img_27334.jpg,6,6,2,2,6
395,img_56678.jpg,6,6,8,8,6
396,img_68881.jpg,6,6,1,1,6
397,img_73578.jpg,6,6,6,6,6
398,img_80348.jpg,6,6,6,6,6
399,img_22313.jpg,6,6,6,1,6
400,img_1207.jpg,6,6,6,6,6
401,img_102056.jpg,6,6,6,6,6
402,img_9542.jpg,6,6,1,6,6
403,img_37899.jpg,6,1,6,6,6
404,img_39102.jpg,6,6,6,6,6
405,img_13709.jpg,6,6,8,8,6
406,img_2148.jpg,6,6,6,6,6
407,img_93544.jpg,6,6,6,6,2
408,img_55852.jpg,6,6,6,6,6
409,img_46402.jpg,6,1,2,2,8
410,img_5358.jpg,6,6,2,6,6
411,img_81272.jpg,6,6,2,6,6
412,img_81555.jpg,6,6,8,7,6
413,img_73670.jpg,6,6,2,8,6
414,img_7597.jpg,6,6,6,6,6
415,img_80795.jpg,6,6,2,2,6
416,img_43493.jpg,6,1,6,6,6
417,img_68119.jpg,6,6,6,6,6
418,img_213.jpg,6,6,6,6,6
419,img_32964.jpg,6,6,2,6,6
420,img_83581.jpg,7,7,7,7,7
421,img_66737.jpg,7,7,7,7,7
422,img_26580.jpg,7,6,7,7,7
423,img_30585.jpg,7,7,7,7,7
424,img_48341.jpg,7,7,7,7,7
425,img_33058.jpg,7,7,7,7,7
426,img_6778.jpg,7,7,7,7,7
427,img_39648.jpg,7,7,7,7,7
428,img_33114.jpg,7,7,7,7,7
429,img_14644.jpg,7,7,7,7,7
430,img_35562.jpg,7,7,7,7,7
431,img_2511.jpg,7,7,7,7,7
432,img_33771.jpg,7,7,7,7,7
433,img_9882.jpg,7,7,7,7,7
434,img_101905.jpg,7,7,7,7,7
435,img_77857.jpg,7,7,7,7,7
436,img_57433.jpg,7,0,1,7,7
437,img_58105.jpg,7,7,7,7,7
438,img_98947.jpg,7,7,7,7,7
439,img_61287.jpg,7,7,7,7,7
440,img_19129.jpg,7,7,7,7,7
441,img_45037.jpg,7,7,7,7,7
442,img_79353.jpg,7,0,7,8,7
443,img_14986.jpg,7,7,8,8,8
444,img_100167.jpg,7,7,7,7,7
445,img_68394.jpg,7,7,7,7,7
446,img_71288.jpg,7,7,7,7,7
447,img_92000.jpg,7,7,7,7,7
448,img_5248.jpg,7,7,7,7,7
449,img_56322.jpg,7,7,7,7,7
450,img_72752.jpg,7,7,7,7,7
451,img_94744.jpg,7,7,7,7,7
452,img_5046.jpg,7,7,7,7,7
453,img_100455.jpg,7,7,7,7,7
454,img_45704.jpg,7,7,7,7,7
455,img_38666.jpg,7,7,7,7,7
456,img_71300.jpg,7,7,7,7,7
457,img_90230.jpg,7,7,7,7,7
458,img_29164.jpg,7,7,7,7,7
459,img_7328.jpg,7,7,7,7,7
460,img_19095.jpg,7,7,7,7,7
461,img_96751.jpg,7,7,7,7,7
462,img_64092.jpg,7,7,7,7,7
463,img_42985.jpg,7,7,7,7,7
464,img_1019.jpg,7,7,7,7,7
465,img_83419.jpg,7,7,7,7,7
466,img_12630.jpg,7,7,7,7,7
467,img_19916.jpg,7,7,7,7,7
468,img_38925.jpg,7,7,7,7,7
469,img_70976.jpg,7,7,7,7,7
470,img_84437.jpg,7,7,7,7,7
471,img_11192.jpg,7,7,7,7,7
472,img_96021.jpg,7,7,7,7,7
473,img_59825.jpg,7,9,7,7,7
474,img_77968.jpg,7,7,7,7,7
475,img_44438.jpg,7,7,7,7,7
476,img_16215.jpg,7,7,7,7,7
477,img_48555.jpg,7,7,7,7,7
478,img_97950.jpg,7,7,7,7,7
479,img_91964.jpg,7,7,7,7,7
480,img_52538.jpg,8,8,8,8,8
481,img_65456.jpg,8,8,8,8,8
482,img_43484.jpg,8,2,2,2,6
483,img_19909.jpg,8,8,2,2,8
484,img_24529.jpg,8,2,2,2,8
485,img_93598.jpg,8,8,6,2,2
486,img_32914.jpg,8,8,8,8,8
487,img_35130.jpg,8,4,8,8,8
488,img_1540.jpg,8,8,8,8,8
489,img_68389.jpg,8,8,8,8,8
490,img_78653.jpg,8,8,6,8,8
491,img_37727.jpg,8,8,8,8,8
492,img_27549.jpg,8,8,8,8,8
493,img_99432.jpg,8,8,8,8,8
494,img_23496.jpg,8,2,8,2,8
495,img_93860.jpg,8,8,8,8,8
496,img_96819.jpg,8,3,5,9,4
497,img_63718.jpg,8,8,8,8,8
498,img_65562.jpg,8,2,2,6,6
499,img_20347.jpg,8,6,8,8,0
500,img_30318.jpg,8,7,7,7,7
501,img_32349.jpg,8,8,8,8,8
502,img_55815.jpg,8,2,2,2,2
503,img_18432.jpg,8,5,8,8,5
504,img_10080.jpg,8,6,9,1,9
505,img_43441.jpg,8,8,8,8,8
506,img_86214.jpg,8,2,2,2,8
507,img_20398.jpg,8,8,6,6,8
508,img_13480.jpg,8,9,5,5,9
509,img_28169.jpg,8,6,6,6,6
510,img_87932.jpg,8,1,8,8,7
511,img_32711.jpg,8,6,8,6,8
512,img_84337.jpg,8,8,8,8,8
513,img_61117.jpg,8,8,2,2,8
514,img_78710.jpg,8,0,0,0,0
515,img_42795.jpg,8,8,8,8,8
516,img_39968.jpg,8,8,2,8,8
517,img_48621.jpg,8,8,8,7,8
518,img_87156.jpg,8,2,8,8,8
519,img_37781.jpg,8,0,8,8,8
520,img_97731.jpg,8,2,2,2,6
521,img_51392.jpg,8,2,2,6,6
522,img_95215.jpg,8,8,8,1,1
523,img_49965.jpg,8,6,8,8,8
524,img_40410.jpg,8,1,1,1,1
525,img_75351.jpg,8,8,8,8,6
526,img_102005.jpg,8,2,8,8,2
527,img_75937.jpg,8,1,8,8,7
528,img_49819.jpg,8,8,8,8,8
529,img_100814.jpg,8,9,1,9,8
530,img_24040.jpg,8,8,8,8,8
531,img_49247.jpg,8,8,8,8,8
532,img_85625.jpg,8,8,8,8,8
533,img_8605.jpg,8,8,0,0,0
534,img_52284.jpg,8,8,8,4,8
535,img_28206.jpg,8,8,2,6,6
536,img_66306.jpg,8,8,8,8,8
537,img_37254.jpg,8,8,8,8,8
538,img_11932.jpg,8,8,6,8,8
539,img_13505.jpg,8,8,8,8,6
540,img_89346.jpg,9,9,9,9,9
541,img_3155.jpg,9,9,9,9,9
542,img_1125.jpg,9,0,0,0,0
543,img_34635.jpg,9,9,1,1,9
544,img_20827.jpg,9,9,9,9,9
545,img_64417.jpg,9,9,9,9,9
546,img_22097.jpg,9,1,1,1,1
547,img_23677.jpg,9,9,9,9,9
548,img_83500.jpg,9,9,9,9,9
549,img_63143.jpg,9,9,9,9,9
550,img_66840.jpg,9,9,9,9,9
551,img_83611.jpg,9,9,9,9,9
552,img_63997.jpg,9,9,9,9,9
553,img_69155.jpg,9,9,9,9,9
554,img_58787.jpg,9,9,9,9,9
555,img_70303.jpg,9,9,9,9,9
556,img_69787.jpg,9,9,9,9,9
557,img_93373.jpg,9,9,9,9,9
558,img_97580.jpg,9,9,9,9,9
559,img_30087.jpg,9,9,9,9,9
560,img_58132.jpg,9,9,9,9,9
561,img_63715.jpg,9,9,9,9,9
562,img_39424.jpg,9,9,9,9,9
563,img_42055.jpg,9,9,9,9,9
564,img_94148.jpg,9,9,9,9,9
565,img_68035.jpg,9,9,9,9,9
566,img_81520.jpg,9,9,9,9,9
567,img_82809.jpg,9,3,1,1,3
568,img_38972.jpg,9,9,9,9,9
569,img_57124.jpg,9,9,9,9,9
570,img_91207.jpg,9,9,9,9,9
571,img_75675.jpg,9,9,9,9,9
572,img_53765.jpg,9,9,9,9,9
573,img_15772.jpg,9,9,9,9,9
574,img_51332.jpg,9,9,9,9,9
575,img_2610.jpg,9,9,9,9,9
576,img_82288.jpg,9,9,9,9,9
577,img_67891.jpg,9,9,9,9,9
578,img_76406.jpg,9,9,9,9,9
579,img_21897.jpg,9,0,0,0,0
580,img_53661.jpg,9,9,9,9,9
581,img_57608.jpg,9,9,9,9,9
582,img_53570.jpg,9,0,0,0,4
583,img_18536.jpg,9,1,9,9,9
584,img_55242.jpg,9,9,9,9,9
585,img_8210.jpg,9,9,9,9,9
586,img_3834.jpg,9,9,9,9,9
587,img_42363.jpg,9,0,0,0,0
588,img_11577.jpg,9,9,9,9,9
589,img_10102.jpg,9,9,9,9,9
590,img_62005.jpg,9,9,9,9,9
591,img_30904.jpg,9,9,9,9,9
592,img_70931.jpg,9,9,9,9,9
593,img_69306.jpg,9,9,9,9,9
594,img_18428.jpg,9,9,9,9,9
595,img_857.jpg,9,9,0,9,9
596,img_21880.jpg,9,9,9,9,9
597,img_59576.jpg,9,9,9,5,9
598,img_46805.jpg,9,9,9,9,9
599,img_59058.jpg,9,9,9,9,9
